micros,counts,seconds,volts,amps
1,-896,1e-06,-0.056,-5.6000000000000005
1200,-1113,0.0012,-0.0695625,-6.95625
2400,-1149,0.0024,-0.0718125,-7.18125
3600,-1087,0.0036,-0.0679375,-6.79375
4800,-829,0.0048,-0.051812500000000004,-5.18125
6000,-438,0.006,-0.027375,-2.7375
7201,-27,0.007201,-0.0016875,-0.16875
8400,418,0.0084,0.026125,2.6125
9600,774,0.0096,0.048375,4.8375
10800,1042,0.0108,0.065125,6.5125
12000,1146,0.012,0.07162500000000001,7.1625000000000005
13201,1133,0.013201,0.0708125,7.08125
14400,963,0.0144,0.0601875,6.01875
15600,609,0.0156,0.0380625,3.80625
16800,199,0.0168,0.0124375,1.2437500000000001
18000,-234,0.018,-0.014625,-1.4625000000000001
19201,-638,0.019201,-0.039875,-3.9875000000000003
20400,-942,0.0204,-0.058875000000000004,-5.8875
21600,-1127,0.0216,-0.0704375,-7.04375
22800,-1146,0.0228,-0.07162500000000001,-7.1625000000000005
24000,-1060,0.024,-0.06625,-6.625
25201,-772,0.025201,-0.04825,-4.825
26400,-372,0.0264,-0.02325,-2.325
27600,41,0.0276,0.0025625,0.25625000000000003
28800,483,0.0288,0.0301875,3.01875
30000,819,0.03,0.051187500000000004,5.11875
31201,1073,0.031201,0.0670625,6.70625
32400,1148,0.0324,0.07175000000000001,7.175000000000001
33600,1120,0.0336,0.07,7.000000000000001
34800,916,0.0348,0.05725,5.7250000000000005
36000,547,0.036,0.0341875,3.41875
37201,133,0.037201,0.0083125,0.83125
38400,-306,0.0384,-0.019125,-1.9124999999999999
39600,-693,0.0396,-0.043312500000000004,-4.331250000000001
40800,-983,0.0408,-0.0614375,-6.14375
42000,-1137,0.042,-0.0710625,-7.10625
43201,-1142,0.043201,-0.07137500000000001,-7.137500000000001
44400,-1029,0.0444,-0.0643125,-6.4312499999999995
45601,-711,0.045601,-0.0444375,-4.44375
46800,-308,0.0468,-0.01925,-1.925
48000,112,0.048,0.007,0.7000000000000001
49200,546,0.0492,0.034125,3.4125
50400,867,0.0504,0.0541875,5.41875
51600,1099,0.0516,0.0686875,6.8687499999999995
52800,1149,0.0528,0.0718125,7.18125
54000,1102,0.054,0.068875,6.8875
55201,864,0.055201,0.054,5.4
56400,483,0.0564,0.0301875,3.01875
57600,68,0.0576,0.00425,0.42500000000000004
58800,-375,0.0588,-0.0234375,-2.34375
60000,-743,0.06,-0.0464375,-4.64375
61201,-1144,0.061201,-0.07150000000000001,-7.15
62400,-1137,0.0624,-0.0710625,-7.10625
63600,-990,0.0636,-0.061875,-6.1875
64800,-650,0.0648,-0.040625,-4.0625
66000,-245,0.066,-0.0153125,-1.53125
67201,185,0.067201,0.0115625,1.15625
68400,606,0.0684,0.037875,3.7875
69600,910,0.0696,0.056875,5.6875
70800,1118,0.0708,0.069875,6.987500000000001
72000,1147,0.072,0.0716875,7.16875
73201,1079,0.073201,0.0674375,6.7437499999999995
74400,809,0.0744,0.0505625,5.05625
75600,414,0.0756,0.025875000000000002,2.5875000000000004
76800,3,0.0768,0.0001875,0.01875
78000,-442,0.078,-0.027625,-2.7625
79201,-791,0.079201,-0.0494375,-4.9437500000000005
80400,-1056,0.0804,-0.066,-6.6000000000000005
81600,-1149,0.0816,-0.0718125,-7.18125
82800,-1129,0.0828,-0.0705625,-7.05625
84000,-945,0.084,-0.059062500000000004,-5.90625
85201,-588,0.085201,-0.03675,-3.675
86400,-177,0.0864,-0.0110625,-1.10625
87600,259,0.0876,0.0161875,1.6187500000000001
88800,658,0.0888,0.041125,4.1125
90000,954,0.09,0.059625000000000004,5.9625
91201,1131,0.091201,0.0706875,7.06875
92400,1144,0.0924,0.07150000000000001,7.15
93600,1050,0.0936,0.065625,6.5625
94800,752,0.0948,0.047,4.7
96000,349,0.096,0.021812500000000002,2.1812500000000004
97201,-65,0.097201,-0.0040625,-0.40625
98400,-507,0.0984,-0.0316875,-3.16875
99600,-839,0.0996,-0.0524375,-5.2437499999999995
100800,-1085,0.1008,-0.0678125,-6.78125
102000,-1149,0.102,-0.0718125,-7.18125
103201,-1113,0.103201,-0.0695625,-6.95625
104400,-898,0.1044,-0.056125,-5.6125
105600,-524,0.1056,-0.03275,-3.2750000000000004
106800,-112,0.1068,-0.007,-0.7000000000000001
108000,330,0.108,0.020625,2.0625
109201,711,0.109201,0.0444375,4.44375
110400,995,0.1104,0.0621875,6.21875
111600,1140,0.1116,0.07125000000000001,7.125000000000001
112800,1141,0.1128,0.0713125,7.13125
114000,1016,0.114,0.0635,6.35
115200,691,0.1152,0.043187500000000004,4.3187500000000005
116400,286,0.1164,0.017875000000000002,1.7875
117600,-138,0.1176,-0.008625,-0.8625
118800,-568,0.1188,-0.035500000000000004,-3.5500000000000003
120000,-884,0.12,-0.05525,-5.525
121201,-1109,0.121201,-0.0693125,-6.93125
122400,-1148,0.1224,-0.07175000000000001,-7.175000000000001
123600,-1094,0.1236,-0.068375,-6.8375
124800,-846,0.1248,-0.052875,-5.2875
126000,-457,0.126,-0.0285625,-2.85625
127201,-46,0.127201,-0.002875,-0.2875
128400,399,0.1284,0.0249375,2.4937500000000004
129600,761,0.1296,0.0475625,4.75625
130800,1031,0.1308,0.0644375,6.44375
132000,1144,0.132,0.07150000000000001,7.15
133201,1134,0.133201,0.07087500000000001,7.0875
134400,975,0.1344,0.0609375,6.09375
135600,628,0.1356,0.03925,3.925
136800,219,0.1368,0.0136875,1.36875
138000,-210,0.138,-0.013125,-1.3125
139201,-625,0.139201,-0.0390625,-3.90625
140400,-930,0.1404,-0.058125,-5.8125
141600,-1123,0.1416,-0.0701875,-7.01875
142801,-1147,0.142801,-0.0716875,-7.16875
144000,-1068,0.144,-0.06675,-6.675000000000001
145200,-789,0.1452,-0.0493125,-4.93125
146400,-389,0.1464,-0.0243125,-2.43125
147600,20,0.1476,0.00125,0.125
148800,465,0.1488,0.0290625,2.90625
150000,806,0.15,0.050375,5.0375000000000005
151201,1065,0.151201,0.0665625,6.65625
152400,1147,0.1524,0.0716875,7.16875
153600,1124,0.1536,0.07025,7.025
154800,930,0.1548,0.058125,5.8125
156000,565,0.156,0.035312500000000004,3.5312500000000004
157201,154,0.157201,0.009625,0.9625
158400,-285,0.1584,-0.017812500000000002,-1.7812500000000002
159600,-678,0.1596,-0.042375,-4.237500000000001
160800,-972,0.1608,-0.06075,-6.075
162000,-1136,0.162,-0.07100000000000001,-7.1000000000000005
163201,-1145,0.163201,-0.0715625,-7.15625
164400,-1038,0.1644,-0.064875,-6.4875
165600,-730,0.1656,-0.045625,-4.5625
166800,-326,0.1668,-0.020375,-2.0375
168000,91,0.168,0.0056875,0.56875
169201,530,0.169201,0.033125,3.3125
170400,854,0.1704,0.053375,5.3374999999999995
171600,1092,0.1716,0.06825,6.825
172800,1148,0.1728,0.07175000000000001,7.175000000000001
174000,1107,0.174,0.0691875,6.91875
175201,880,0.175201,0.055,5.5
176400,500,0.1764,0.03125,3.125
177600,88,0.1776,0.0055,0.5499999999999999
178800,-354,0.1788,-0.022125,-2.2125
180000,-732,0.18,-0.04575,-4.575
181200,-1010,0.1812,-0.063125,-6.3125
182400,-1142,0.1824,-0.07137500000000001,-7.137500000000001
183600,-1001,0.1836,-0.06256250000000001,-6.2562500000000005
184800,-668,0.1848,-0.04175,-4.175
186000,-262,0.186,-0.016375,-1.6375000000000002
187201,165,0.187201,0.0103125,1.03125
188400,589,0.1884,0.0368125,3.68125
189600,898,0.1896,0.056125,5.6125
190800,1114,0.1908,0.069625,6.9625
192000,1146,0.192,0.07162500000000001,7.1625000000000005
193201,1086,0.193201,0.067875,6.7875000000000005
194400,826,0.1944,0.051625000000000004,5.1625000000000005
195601,433,0.195601,0.0270625,2.70625
196800,24,0.1968,0.0015,0.15
198000,-423,0.198,-0.0264375,-2.64375
199201,-778,0.199201,-0.048625,-4.8625
200400,-1047,0.2004,-0.0654375,-6.543749999999999
201600,-1148,0.2016,-0.07175000000000001,-7.175000000000001
202800,-1133,0.2028,-0.0708125,-7.08125
204000,-959,0.204,-0.059937500000000005,-5.99375
205201,-605,0.205201,-0.0378125,-3.78125
206400,-196,0.2064,-0.01225,-1.225
207600,237,0.2076,0.014812500000000001,1.4812500000000002
208800,643,0.2088,0.0401875,4.01875
210000,943,0.21,0.058937500000000004,5.893750000000001
211200,1128,0.2112,0.07050000000000001,7.050000000000001
212400,1145,0.2124,0.0715625,7.15625
213600,1057,0.2136,0.0660625,6.606249999999999
214800,768,0.2148,0.048,4.8
216000,367,0.216,0.0229375,2.29375
217200,-43,0.2172,-0.0026875000000000002,-0.26875000000000004
218400,-486,0.2184,-0.030375,-3.0375
219600,-824,0.2196,-0.051500000000000004,-5.15
220800,-1076,0.2208,-0.06725,-6.7250000000000005
222000,-1149,0.222,-0.0718125,-7.18125
223201,-1120,0.223201,-0.07,-7.000000000000001
224400,-912,0.2244,-0.057,-5.7
225600,-542,0.2256,-0.033875,-3.3875
226800,-131,0.2268,-0.0081875,-0.8187500000000001
228000,310,0.228,0.019375,1.9375
229201,697,0.229201,0.043562500000000004,4.35625
230400,985,0.2304,0.0615625,6.15625
231600,1139,0.2316,0.0711875,7.11875
232800,1142,0.2328,0.07137500000000001,7.137500000000001
234000,1025,0.234,0.0640625,6.406249999999999
235201,707,0.235201,0.0441875,4.41875
236400,304,0.2364,0.019,1.9
237600,-116,0.2376,-0.00725,-0.7250000000000001
238800,-550,0.2388,-0.034375,-3.4375000000000004
240000,-872,0.24,-0.0545,-5.45
241201,-1101,0.241201,-0.0688125,-6.88125
242400,-1149,0.2424,-0.0718125,-7.18125
243600,-1102,0.2436,-0.068875,-6.8875
244800,-861,0.2448,-0.0538125,-5.38125
246000,-476,0.246,-0.029750000000000002,-2.975
247200,-64,0.2472,-0.004,-0.4
248400,379,0.2484,0.0236875,2.36875
249600,748,0.2496,0.04675,4.675
250800,1021,0.2508,0.06381250000000001,6.3812500000000005
252000,1144,0.252,0.07150000000000001,7.15
253201,1137,0.253201,0.0710625,7.10625
254400,987,0.2544,0.0616875,6.16875
255600,645,0.2556,0.0403125,4.03125
256800,237,0.2568,0.014812500000000001,1.4812500000000002
258000,-190,0.258,-0.011875,-1.1875
259201,-607,0.259201,-0.0379375,-3.7937499999999997
260400,-915,0.2604,-0.0571875,-5.71875
261600,-1121,0.2616,-0.0700625,-7.00625
262800,-1148,0.2628,-0.07175000000000001,-7.175000000000001
264000,-1078,0.264,-0.067375,-6.737500000000001
265201,-805,0.265201,-0.0503125,-5.03125
266400,-410,0.2664,-0.025625000000000002,-2.5625
267600,1,0.2676,6.25e-05,0.00625
268800,447,0.2688,0.0279375,2.79375
270000,794,0.27,0.049625,4.9625
271201,1057,0.271201,0.0660625,6.606249999999999
272400,1148,0.2724,0.07175000000000001,7.175000000000001
273600,1127,0.2736,0.0704375,7.04375
274800,943,0.2748,0.058937500000000004,5.893750000000001
276000,583,0.276,0.0364375,3.64375
277201,172,0.277201,0.010750000000000001,1.0750000000000002
278400,-264,0.2784,-0.0165,-1.6500000000000001
279600,-662,0.2796,-0.041375,-4.1375
280800,-958,0.2808,-0.059875000000000005,-5.987500000000001
282000,-1133,0.282,-0.0708125,-7.08125
283201,-1146,0.283201,-0.07162500000000001,-7.1625000000000005
284400,-1049,0.2844,-0.0655625,-6.5562499999999995
285600,-748,0.2856,-0.04675,-4.675
286800,-345,0.2868,-0.021562500000000002,-2.15625
288000,70,0.288,0.004375,0.43750000000000006
289201,511,0.289201,0.0319375,3.19375
290400,839,0.2904,0.0524375,5.2437499999999995
291600,1086,0.2916,0.067875,6.7875000000000005
292800,1148,0.2928,0.07175000000000001,7.175000000000001
294000,1112,0.294,0.0695,6.950000000000001
295200,894,0.2952,0.055875,5.5875
296400,520,0.2964,0.0325,3.25
297600,106,0.2976,0.006625,0.6625
298800,-334,0.2988,-0.020875,-2.0875
300000,-716,0.3,-0.04475,-4.475
301201,-997,0.301201,-0.0623125,-6.23125
302400,-1141,0.3024,-0.0713125,-7.13125
303600,-1141,0.3036,-0.0713125,-7.13125
304800,-1013,0.3048,-0.06331250000000001,-6.331250000000001
306000,-281,0.306,-0.0175625,-1.75625
307201,143,0.307201,0.008937500000000001,0.89375
308400,572,0.3084,0.035750000000000004,3.575
309600,886,0.3096,0.055375,5.5375
310800,1109,0.3108,0.0693125,6.93125
312000,1148,0.312,0.07175000000000001,7.175000000000001
313201,1092,0.313201,0.06825,6.825
314400,841,0.3144,0.0525625,5.25625
315600,451,0.3156,0.0281875,2.81875
316800,41,0.3168,0.0025625,0.25625000000000003
318000,-405,0.318,-0.0253125,-2.53125
319201,-764,0.319201,-0.04775,-4.775
320400,-1035,0.3204,-0.0646875,-6.468749999999999
321600,-1147,0.3216,-0.0716875,-7.16875
322800,-1135,0.3228,-0.0709375,-7.09375
324000,-974,0.324,-0.060875,-6.0874999999999995
325201,-622,0.325201,-0.038875,-3.8875
326400,-215,0.3264,-0.0134375,-1.34375
327600,216,0.3276,0.0135,1.35
328800,628,0.3288,0.03925,3.925
330000,932,0.33,0.05825,5.825
331201,1124,0.331201,0.07025,7.025
332400,1146,0.3324,0.07162500000000001,7.1625000000000005
333600,1067,0.3336,0.0666875,6.668749999999999
334800,784,0.3348,0.049,4.9
336000,385,0.336,0.0240625,2.40625
337201,-25,0.337201,-0.0015625,-0.15625
338400,-470,0.3384,-0.029375000000000002,-2.9375
339600,-809,0.3396,-0.0505625,-5.05625
340800,-1066,0.3408,-0.066625,-6.6625000000000005
342000,-1149,0.342,-0.0718125,-7.18125
343201,-1123,0.343201,-0.0701875,-7.01875
344400,-925,0.3444,-0.0578125,-5.78125
345601,-561,0.345601,-0.0350625,-3.5062500000000005
346800,-151,0.3468,-0.0094375,-0.94375
348000,290,0.348,0.018125,1.8124999999999998
349200,681,0.3492,0.0425625,4.2562500000000005
350400,971,0.3504,0.0606875,6.06875
351600,1135,0.3516,0.0709375,7.09375
352800,1142,0.3528,0.07137500000000001,7.137500000000001
354000,1035,0.354,0.0646875,6.468749999999999
355201,725,0.355201,0.0453125,4.53125
356400,323,0.3564,0.0201875,2.0187500000000003
357600,-96,0.3576,-0.006,-0.6
358800,-531,0.3588,-0.0331875,-3.31875
360000,-856,0.36,-0.0535,-5.35
361200,-1095,0.3612,-0.0684375,-6.84375
362400,-1149,0.3624,-0.0718125,-7.18125
363600,-1107,0.3636,-0.0691875,-6.91875
364800,-876,0.3648,-0.05475,-5.475
366000,-497,0.366,-0.0310625,-3.10625
367201,-84,0.367201,-0.00525,-0.525
368400,361,0.3684,0.0225625,2.25625
369600,733,0.3696,0.0458125,4.58125
370800,1012,0.3708,0.06325,6.325
372000,1143,0.372,0.0714375,7.14375
373201,1138,0.373201,0.07112500000000001,7.112500000000001
374400,999,0.3744,0.0624375,6.24375
375600,664,0.3756,0.0415,4.15
376800,257,0.3768,0.0160625,1.60625
378000,-169,0.378,-0.0105625,-1.0562500000000001
379201,-592,0.379201,-0.037,-3.6999999999999997
380400,-901,0.3804,-0.0563125,-5.6312500000000005
381600,-1115,0.3816,-0.0696875,-6.96875
382800,-1148,0.3828,-0.07175000000000001,-7.175000000000001
384000,-1083,0.384,-0.0676875,-6.76875
385201,-822,0.385201,-0.051375000000000004,-5.1375
386400,-430,0.3864,-0.026875,-2.6875
387600,-19,0.3876,-0.0011875,-0.11875
388800,428,0.3888,0.02675,2.675
390000,780,0.39,0.04875,4.875
391201,1047,0.391201,0.0654375,6.543749999999999
392400,1147,0.3924,0.0716875,7.16875
393600,1131,0.3936,0.0706875,7.06875
394800,956,0.3948,0.059750000000000004,5.9750000000000005
396000,601,0.396,0.0375625,3.7562499999999996
397201,190,0.397201,0.011875,1.1875
398400,-242,0.3984,-0.015125,-1.5125
399600,-646,0.3996,-0.040375,-4.0375000000000005
400800,-946,0.4008,-0.059125000000000004,-5.9125000000000005
402000,-1128,0.402,-0.07050000000000001,-7.050000000000001
403201,-1145,0.403201,-0.0715625,-7.15625
404400,-1057,0.4044,-0.0660625,-6.606249999999999
405600,-765,0.4056,-0.0478125,-4.78125
406800,-363,0.4068,-0.0226875,-2.26875
408000,49,0.408,0.0030625,0.30625
409200,491,0.4092,0.0306875,3.06875
410400,825,0.4104,0.051562500000000004,5.15625
411600,1078,0.4116,0.067375,6.737500000000001
412800,1148,0.4128,0.07175000000000001,7.175000000000001
414000,1119,0.414,0.0699375,6.99375
415201,909,0.415201,0.0568125,5.68125
416400,538,0.4164,0.033625,3.3625000000000003
417600,125,0.4176,0.0078125,0.78125
418800,-315,0.4188,-0.0196875,-1.96875
420000,-699,0.42,-0.043687500000000004,-4.36875
421201,-989,0.421201,-0.0618125,-6.18125
422400,-1139,0.4224,-0.0711875,-7.11875
423600,-1142,0.4236,-0.07137500000000001,-7.137500000000001
424800,-1024,0.4248,-0.064,-6.4
426000,-704,0.426,-0.044,-4.3999999999999995
427201,-300,0.427201,-0.01875,-1.875
428400,554,0.4284,0.034625,3.4625000000000004
429600,873,0.4296,0.0545625,5.45625
430800,1102,0.4308,0.068875,6.8875
432000,1149,0.432,0.0718125,7.18125
433201,1099,0.433201,0.0686875,6.8687499999999995
434400,857,0.4344,0.0535625,5.35625
435600,473,0.4356,0.029562500000000002,2.9562500000000003
436800,60,0.4368,0.00375,0.375
438000,-385,0.438,-0.0240625,-2.40625
439201,-750,0.439201,-0.046875,-4.6875
440400,-1026,0.4404,-0.064125,-6.4125000000000005
441600,-1145,0.4416,-0.0715625,-7.15625
442800,-1135,0.4428,-0.0709375,-7.09375
444000,-985,0.444,-0.0615625,-6.15625
445201,-642,0.445201,-0.040125,-4.0125
446400,-236,0.4464,-0.014750000000000001,-1.475
447600,196,0.4476,0.01225,1.225
448800,612,0.4488,0.03825,3.8249999999999997
450000,916,0.45,0.05725,5.7250000000000005
451201,1121,0.451201,0.0700625,7.00625
452400,1148,0.4524,0.07175000000000001,7.175000000000001
453600,1075,0.4536,0.0671875,6.71875
454800,800,0.4548,0.05,5.0
456000,405,0.456,0.0253125,2.53125
457201,-6,0.457201,-0.000375,-0.0375
458400,-449,0.4584,-0.0280625,-2.80625
459600,-796,0.4596,-0.04975,-4.9750000000000005
460800,-1060,0.4608,-0.06625,-6.625
462000,-1147,0.462,-0.0716875,-7.16875
463201,-1128,0.463201,-0.07050000000000001,-7.050000000000001
464400,-939,0.4644,-0.058687500000000004,-5.86875
465600,-580,0.4656,-0.03625,-3.6249999999999996
466800,-168,0.4668,-0.0105,-1.05
468000,270,0.468,0.016875,1.6875
469201,666,0.469201,0.041625,4.1625000000000005
470400,961,0.4704,0.0600625,6.00625
471600,1134,0.4716,0.07087500000000001,7.0875
472800,1144,0.4728,0.07150000000000001,7.15
474000,1045,0.474,0.0653125,6.53125
475201,743,0.475201,0.0464375,4.64375
476400,340,0.4764,0.02125,2.125
477600,-76,0.4776,-0.00475,-0.475
478800,-515,0.4788,-0.0321875,-3.21875
480000,-843,0.48,-0.0526875,-5.26875
481201,-1087,0.481201,-0.0679375,-6.79375
482400,-1147,0.4824,-0.0716875,-7.16875
483600,-1112,0.4836,-0.0695,-6.950000000000001
484800,-892,0.4848,-0.05575,-5.575
486000,-515,0.486,-0.0321875,-3.21875
487201,-103,0.487201,-0.0064375000000000005,-0.64375
488400,341,0.4884,0.0213125,2.13125
489600,719,0.4896,0.0449375,4.4937499999999995
490800,1000,0.4908,0.0625,6.25
492000,1141,0.492,0.0713125,7.13125
493201,1141,0.493201,0.0713125,7.13125
494400,1010,0.4944,0.063125,6.3125
495601,681,0.495601,0.0425625,4.2562500000000005
496800,276,0.4968,0.01725,1.725
498000,-149,0.498,-0.0093125,-0.9312499999999999
499201,-576,0.499201,-0.036000000000000004,-3.6000000000000005
500400,-889,0.5004,-0.0555625,-5.55625
501600,-1109,0.5016,-0.0693125,-6.93125
502800,-1149,0.5028,-0.0718125,-7.18125
504000,-1091,0.504,-0.0681875,-6.81875
505201,-838,0.505201,-0.052375,-5.2375
506400,-450,0.5064,-0.028125,-2.8125
507600,-36,0.5076,-0.0022500000000000003,-0.22500000000000003
508800,410,0.5088,0.025625000000000002,2.5625
510000,766,0.51,0.047875,4.7875
511201,1037,0.511201,0.0648125,6.481249999999999
512400,1146,0.5124,0.07162500000000001,7.1625000000000005
513600,1133,0.5136,0.0708125,7.08125
514800,969,0.5148,0.0605625,6.0562499999999995
516000,621,0.516,0.0388125,3.88125
517201,211,0.517201,0.0131875,1.3187499999999999
518400,-223,0.5184,-0.0139375,-1.39375
519600,-630,0.5196,-0.039375,-3.9375
520800,-935,0.5208,-0.0584375,-5.84375
522000,-1125,0.522,-0.0703125,-7.03125
523201,-1147,0.523201,-0.0716875,-7.16875
524400,-1066,0.5244,-0.066625,-6.6625000000000005
525600,-781,0.5256,-0.0488125,-4.8812500000000005
526800,-382,0.5268,-0.023875,-2.3875
528000,30,0.528,0.001875,0.1875
529201,473,0.529201,0.029562500000000002,2.9562500000000003
530400,813,0.5304,0.050812500000000003,5.081250000000001
531600,1069,0.5316,0.0668125,6.6812499999999995
532800,1148,0.5328,0.07175000000000001,7.175000000000001
534000,1123,0.534,0.0701875,7.01875
535201,923,0.535201,0.0576875,5.768750000000001
536400,557,0.5364,0.0348125,3.48125
537600,144,0.5376,0.009000000000000001,0.9000000000000001
538800,-295,0.5388,-0.0184375,-1.84375
540000,-684,0.54,-0.04275,-4.275
541201,-976,0.541201,-0.061,-6.1
542400,-1136,0.5424,-0.07100000000000001,-7.1000000000000005
543600,-1144,0.5436,-0.07150000000000001,-7.15
544800,-1033,0.5448,-0.0645625,-6.45625
546000,-721,0.546,-0.0450625,-4.50625
547201,-320,0.547201,-0.02,-2.0
548400,99,0.5484,0.0061875,0.61875
549600,540,0.5496,0.03375,3.375
550800,1097,0.5508,0.0685625,6.85625
552000,1148,0.552,0.07175000000000001,7.175000000000001
553200,1105,0.5532,0.0690625,6.90625
554400,872,0.5544,0.0545,5.45
555600,491,0.5556,0.0306875,3.06875
556800,79,0.5568,0.0049375,0.49375
558000,-364,0.558,-0.02275,-2.275
559200,-736,0.5592,-0.046,-4.6
560400,-1015,0.5604,-0.06343750000000001,-6.343750000000001
561600,-1144,0.5616,-0.07150000000000001,-7.15
562800,-1138,0.5628,-0.07112500000000001,-7.112500000000001
564000,-996,0.564,-0.06225,-6.225
565201,-659,0.565201,-0.0411875,-4.11875
566400,-254,0.5664,-0.015875,-1.5875
567600,175,0.5676,0.010937500000000001,1.09375
568800,599,0.5688,0.0374375,3.74375
570000,905,0.57,0.0565625,5.65625
571201,1116,0.571201,0.06975,6.9750000000000005
572400,1147,0.5724,0.0716875,7.16875
573600,1082,0.5736,0.067625,6.7625
574800,817,0.5748,0.051062500000000004,5.10625
576000,423,0.576,0.0264375,2.64375
577201,14,0.577201,0.000875,0.08750000000000001
578400,-430,0.5784,-0.026875,-2.6875
579600,-784,0.5796,-0.049,-4.9
580800,-1050,0.5808,-0.065625,-6.5625
582000,-1148,0.582,-0.07175000000000001,-7.175000000000001
583201,-1131,0.583201,-0.0706875,-7.06875
584400,-953,0.5844,-0.059562500000000004,-5.956250000000001
585600,-597,0.5856,-0.0373125,-3.7312499999999997
586800,-187,0.5868,-0.0116875,-1.16875
588000,247,0.588,0.0154375,1.54375
589201,650,0.589201,0.040625,4.0625
590400,950,0.5904,0.059375000000000004,5.9375
591600,1130,0.5916,0.07062500000000001,7.062500000000001
592800,1145,0.5928,0.0715625,7.15625
594000,1054,0.594,0.065875,6.5875
595200,760,0.5952,0.0475,4.75
596400,357,0.5964,0.0223125,2.2312499999999997
597600,-54,0.5976,-0.003375,-0.3375
598800,-496,0.5988,-0.031,-3.1
600000,-831,0.6,-0.051937500000000004,-5.1937500000000005
601201,-1081,0.601201,-0.0675625,-6.75625
602400,-1150,0.6024,-0.07187500000000001,-7.187500000000001
603600,-1117,0.6036,-0.0698125,-6.98125
604801,-905,0.604801,-0.0565625,-5.65625
606000,-533,0.606,-0.0333125,-3.3312500000000003
607201,-122,0.607201,-0.007625,-0.7625
608400,321,0.6084,0.0200625,2.00625
609600,703,0.6096,0.043937500000000004,4.393750000000001
610800,991,0.6108,0.0619375,6.19375
612000,1139,0.612,0.0711875,7.11875
613201,1142,0.613201,0.07137500000000001,7.137500000000001
