measurement,timestamp,time_s,time_hours,phase,cooling_bath,ambient_air,mattress_reservoir
2,2026-04-12 16:30:47+00:00,0.0,0.0,precool,24.8,25.2,25.4
3,2026-04-12 16:31:17+00:00,30.0,0.008333333333333333,precool,24.7,25.2,25.4
4,2026-04-12 16:31:47+00:00,60.0,0.016666666666666666,precool,24.7,25.2,25.4
5,2026-04-12 16:32:17+00:00,90.0,0.025,precool,24.7,25.2,25.4
6,2026-04-12 16:32:47+00:00,120.0,0.03333333333333333,precool,24.7,25.2,25.4
7,2026-04-12 16:33:17+00:00,150.0,0.041666666666666664,precool,24.7,25.2,25.4
8,2026-04-12 16:33:47+00:00,180.0,0.05,precool,24.5,25.3,25.4
9,2026-04-12 16:34:17+00:00,210.0,0.058333333333333334,precool,20.8,25.3,25.4
10,2026-04-12 16:34:47+00:00,240.0,0.06666666666666667,precool,19.1,25.4,25.4
11,2026-04-12 16:35:17+00:00,270.0,0.075,precool,17.1,25.4,25.4
12,2026-04-12 16:35:47+00:00,300.0,0.08333333333333333,precool,15.6,25.4,25.4
13,2026-04-12 16:36:17+00:00,330.0,0.09166666666666666,precool,14.5,25.4,25.4
14,2026-04-12 16:36:47+00:00,360.0,0.1,precool,13.4,25.5,25.4
15,2026-04-12 16:37:17+00:00,390.0,0.10833333333333334,precool,12.6,25.5,25.4
16,2026-04-12 16:37:47+00:00,420.0,0.11666666666666667,precool,11.9,25.5,25.4
17,2026-04-12 16:38:17+00:00,450.0,0.125,precool,11.4,25.6,25.4
18,2026-04-12 16:38:47+00:00,480.0,0.13333333333333333,precool,10.9,25.6,25.4
19,2026-04-12 16:39:17+00:00,510.0,0.14166666666666666,precool,10.6,25.6,25.4
20,2026-04-12 16:39:47+00:00,540.0,0.15,precool,10.2,25.6,25.4
21,2026-04-12 16:40:17+00:00,570.0,0.15833333333333333,precool,9.9,25.7,25.4
22,2026-04-12 16:40:47+00:00,600.0,0.16666666666666666,precool,9.6,25.7,25.4
23,2026-04-12 16:41:17+00:00,630.0,0.175,precool,9.3,25.7,25.4
24,2026-04-12 16:41:47+00:00,660.0,0.18333333333333332,precool,9.0,25.7,25.4
25,2026-04-12 16:42:17+00:00,690.0,0.19166666666666668,precool,8.8,25.7,25.4
26,2026-04-12 16:42:47+00:00,720.0,0.2,precool,8.5,25.7,25.4
27,2026-04-12 16:43:17+00:00,750.0,0.20833333333333334,precool,8.2,25.7,25.4
28,2026-04-12 16:43:47+00:00,780.0,0.21666666666666667,precool,8.1,25.7,25.4
29,2026-04-12 16:44:17+00:00,810.0,0.225,precool,7.9,25.7,25.4
30,2026-04-12 16:44:47+00:00,840.0,0.23333333333333334,precool,7.8,25.7,25.4
31,2026-04-12 16:45:17+00:00,870.0,0.24166666666666667,precool,7.6,25.8,25.4
32,2026-04-12 16:45:47+00:00,900.0,0.25,precool,7.4,25.8,25.4
33,2026-04-12 16:46:17+00:00,930.0,0.25833333333333336,precool,7.2,25.8,25.4
34,2026-04-12 16:46:47+00:00,960.0,0.26666666666666666,precool,7.1,25.8,25.4
35,2026-04-12 16:47:17+00:00,990.0,0.275,precool,6.9,25.8,25.4
36,2026-04-12 16:47:47+00:00,1020.0,0.2833333333333333,precool,6.8,25.9,25.9
37,2026-04-12 16:48:17+00:00,1050.0,0.2916666666666667,precool,6.6,25.9,25.8
38,2026-04-12 16:48:47+00:00,1080.0,0.3,precool,6.5,25.9,25.8
39,2026-04-12 16:49:17+00:00,1110.0,0.30833333333333335,precool,6.4,25.9,25.8
40,2026-04-12 16:49:47+00:00,1140.0,0.31666666666666665,precool,6.3,25.9,25.8
41,2026-04-12 16:50:17+00:00,1170.0,0.325,precool,6.2,25.9,25.8
42,2026-04-12 16:50:47+00:00,1200.0,0.3333333333333333,precool,6.2,25.9,25.8
43,2026-04-12 16:51:17+00:00,1230.0,0.3416666666666667,precool,6.1,25.9,25.8
44,2026-04-12 16:51:47+00:00,1260.0,0.35,precool,6.1,26.0,25.9
45,2026-04-12 16:52:17+00:00,1290.0,0.35833333333333334,precool,6.0,26.0,25.9
46,2026-04-12 16:52:47+00:00,1320.0,0.36666666666666664,precool,5.9,26.1,25.9
47,2026-04-12 16:53:17+00:00,1350.0,0.375,precool,5.9,26.1,25.9
48,2026-04-12 16:53:47+00:00,1380.0,0.38333333333333336,precool,5.9,26.1,25.9
49,2026-04-12 16:54:17+00:00,1410.0,0.39166666666666666,precool,5.8,26.1,25.9
50,2026-04-12 16:54:47+00:00,1440.0,0.4,precool,5.8,26.1,25.9
51,2026-04-12 16:55:17+00:00,1470.0,0.4083333333333333,precool,5.7,26.1,25.9
52,2026-04-12 16:55:47+00:00,1500.0,0.4166666666666667,precool,5.6,26.1,25.9
53,2026-04-12 16:56:17+00:00,1530.0,0.425,precool,5.6,26.2,25.9
54,2026-04-12 16:56:47+00:00,1560.0,0.43333333333333335,precool,5.6,26.2,25.9
55,2026-04-12 16:57:17+00:00,1590.0,0.44166666666666665,precool,5.5,26.2,25.9
56,2026-04-12 16:57:47+00:00,1620.0,0.45,precool,5.4,26.2,22.9
57,2026-04-12 16:58:17+00:00,1650.0,0.4583333333333333,precool,5.4,26.2,19.6
58,2026-04-12 16:58:47+00:00,1680.0,0.4666666666666667,precool,5.4,26.2,17.0
59,2026-04-12 16:59:17+00:00,1710.0,0.475,precool,5.5,26.2,15.1
60,2026-04-12 16:59:47+00:00,1740.0,0.48333333333333334,precool,5.6,26.2,13.8
61,2026-04-12 17:00:17+00:00,1770.0,0.49166666666666664,precool,5.5,26.1,12.7
62,2026-04-12 17:00:47+00:00,1800.0,0.5,precool,5.6,26.1,11.9
63,2026-04-12 17:01:17+00:00,1830.0,0.5083333333333333,precool,5.5,26.1,11.2
64,2026-04-12 17:01:47+00:00,1860.0,0.5166666666666667,precool,5.5,26.1,10.8
65,2026-04-12 17:02:17+00:00,1890.0,0.525,precool,5.5,26.1,10.4
66,2026-04-12 17:02:47+00:00,1920.0,0.5333333333333333,precool,5.5,26.1,10.1
67,2026-04-12 17:03:17+00:00,1950.0,0.5416666666666666,precool,5.5,26.1,9.8
68,2026-04-12 17:03:47+00:00,1980.0,0.55,precool,5.5,26.0,9.6
69,2026-04-12 17:04:17+00:00,2010.0,0.5583333333333333,precool,5.6,26.0,9.4
70,2026-04-12 17:04:47+00:00,2040.0,0.5666666666666667,precool,5.5,26.0,9.2
71,2026-04-12 17:05:17+00:00,2070.0,0.575,precool,5.6,25.9,9.1
72,2026-04-12 17:05:47+00:00,2100.0,0.5833333333333334,precool,5.6,25.9,8.9
73,2026-04-12 17:06:17+00:00,2130.0,0.5916666666666667,precool,5.6,25.9,8.8
74,2026-04-12 17:06:47+00:00,2160.0,0.6,precool,5.6,25.9,8.9
75,2026-04-12 17:07:17+00:00,2190.0,0.6083333333333333,precool,5.7,25.9,9.0
76,2026-04-12 17:07:47+00:00,2220.0,0.6166666666666667,precool,5.7,25.9,9.1
77,2026-04-12 17:08:17+00:00,2250.0,0.625,precool,5.7,25.9,9.1
78,2026-04-12 17:08:47+00:00,2280.0,0.6333333333333333,precool,5.8,25.9,9.2
79,2026-04-12 17:09:17+00:00,2310.0,0.6416666666666667,precool,5.8,25.9,9.2
80,2026-04-12 17:09:47+00:00,2340.0,0.65,precool,5.8,25.9,9.2
81,2026-04-12 17:10:17+00:00,2370.0,0.6583333333333333,precool,5.8,25.9,9.2
82,2026-04-12 17:10:47+00:00,2400.0,0.6666666666666666,precool,5.8,25.9,9.3
83,2026-04-12 17:11:17+00:00,2430.0,0.675,precool,5.8,25.9,9.3
84,2026-04-12 17:11:47+00:00,2460.0,0.6833333333333333,precool,5.9,25.9,9.3
85,2026-04-12 17:12:17+00:00,2490.0,0.6916666666666667,precool,5.9,25.9,9.4
86,2026-04-12 17:12:47+00:00,2520.0,0.7,precool,5.9,25.9,9.4
87,2026-04-12 17:13:17+00:00,2550.0,0.7083333333333334,precool,5.9,25.9,9.4
88,2026-04-12 17:13:47+00:00,2580.0,0.7166666666666667,precool,5.9,25.9,9.5
89,2026-04-12 17:14:17+00:00,2610.0,0.725,precool,5.9,25.9,9.5
90,2026-04-12 17:14:47+00:00,2640.0,0.7333333333333333,precool,5.9,25.9,9.5
91,2026-04-12 17:15:17+00:00,2670.0,0.7416666666666667,precool,5.9,25.9,9.6
92,2026-04-12 17:15:47+00:00,2700.0,0.75,precool,5.9,25.9,9.5
93,2026-04-12 17:16:17+00:00,2730.0,0.7583333333333333,precool,5.8,25.9,9.6
94,2026-04-12 17:16:47+00:00,2760.0,0.7666666666666667,precool,5.8,25.9,9.6
95,2026-04-12 17:17:17+00:00,2790.0,0.775,precool,5.8,25.9,9.6
96,2026-04-12 17:17:47+00:00,2820.0,0.7833333333333333,precool,5.8,25.9,9.6
97,2026-04-12 17:18:17+00:00,2850.0,0.7916666666666666,precool,5.7,25.9,9.7
98,2026-04-12 17:18:47+00:00,2880.0,0.8,precool,5.6,25.9,9.7
99,2026-04-12 17:19:17+00:00,2910.0,0.8083333333333333,precool,5.6,25.9,9.8
100,2026-04-12 17:19:47+00:00,2940.0,0.8166666666666667,precool,5.6,25.9,9.8
101,2026-04-12 17:20:17+00:00,2970.0,0.825,precool,5.6,25.9,9.8
102,2026-04-12 17:20:47+00:00,3000.0,0.8333333333333334,precool,5.6,25.9,9.8
103,2026-04-12 17:21:17+00:00,3030.0,0.8416666666666667,precool,5.5,25.9,9.9
104,2026-04-12 17:21:47+00:00,3060.0,0.85,precool,5.5,25.9,9.9
105,2026-04-12 17:22:17+00:00,3090.0,0.8583333333333333,precool,5.4,25.9,9.9
106,2026-04-12 17:22:47+00:00,3120.0,0.8666666666666667,precool,5.4,25.9,10.0
107,2026-04-12 17:23:17+00:00,3150.0,0.875,precool,5.4,25.9,10.1
108,2026-04-12 17:23:47+00:00,3180.0,0.8833333333333333,precool,5.4,25.9,10.1
109,2026-04-12 17:24:17+00:00,3210.0,0.8916666666666667,precool,5.4,25.9,10.1
110,2026-04-12 17:24:47+00:00,3240.0,0.9,precool,5.4,25.9,10.1
111,2026-04-12 17:25:17+00:00,3270.0,0.9083333333333333,precool,5.4,25.9,10.1
112,2026-04-12 17:25:47+00:00,3300.0,0.9166666666666666,precool,5.4,25.9,10.2
113,2026-04-12 17:26:17+00:00,3330.0,0.925,precool,5.4,25.9,10.2
114,2026-04-12 17:26:47+00:00,3360.0,0.9333333333333333,precool,5.4,25.9,10.2
115,2026-04-12 17:27:17+00:00,3390.0,0.9416666666666667,precool,5.3,25.9,10.3
116,2026-04-12 17:27:47+00:00,3420.0,0.95,precool,5.3,25.9,10.3
117,2026-04-12 17:28:17+00:00,3450.0,0.9583333333333334,precool,5.3,25.9,10.4
118,2026-04-12 17:28:47+00:00,3480.0,0.9666666666666667,precool,5.2,25.9,10.4
119,2026-04-12 17:29:17+00:00,3510.0,0.975,precool,5.3,25.9,10.4
120,2026-04-12 17:29:47+00:00,3540.0,0.9833333333333333,precool,5.2,25.9,10.4
121,2026-04-12 17:30:17+00:00,3570.0,0.9916666666666667,precool,5.3,25.9,10.5
122,2026-04-12 17:30:47+00:00,3600.0,1.0,precool,5.3,25.9,10.6
123,2026-04-12 17:31:17+00:00,3630.0,1.0083333333333333,precool,5.2,26.1,10.6
124,2026-04-12 17:31:47+00:00,3660.0,1.0166666666666666,precool,5.3,26.1,10.4
125,2026-04-12 17:32:17+00:00,3690.0,1.025,precool,5.2,26.1,10.4
126,2026-04-12 17:32:47+00:00,3720.0,1.0333333333333334,precool,5.2,26.1,10.5
127,2026-04-12 17:33:17+00:00,3750.0,1.0416666666666667,precool,5.2,26.1,10.6
128,2026-04-12 17:33:47+00:00,3780.0,1.05,precool,5.3,26.0,10.6
129,2026-04-12 17:34:17+00:00,3810.0,1.0583333333333333,precool,5.3,26.0,10.7
130,2026-04-12 17:34:47+00:00,3840.0,1.0666666666666667,precool,5.3,26.0,10.7
131,2026-04-12 17:35:17+00:00,3870.0,1.075,precool,5.3,26.0,10.8
132,2026-04-12 17:35:47+00:00,3900.0,1.0833333333333333,precool,5.3,26.0,10.8
133,2026-04-12 17:36:17+00:00,3930.0,1.0916666666666666,precool,5.4,26.0,10.8
134,2026-04-12 17:36:47+00:00,3960.0,1.1,precool,5.3,26.0,10.8
135,2026-04-12 17:37:17+00:00,3990.0,1.1083333333333334,precool,5.4,26.0,10.8
136,2026-04-12 17:37:47+00:00,4020.0,1.1166666666666667,precool,5.4,26.0,10.8
137,2026-04-12 17:38:17+00:00,4050.0,1.125,precool,5.4,26.0,10.8
138,2026-04-12 17:38:47+00:00,4080.0,1.1333333333333333,precool,5.3,26.0,10.8
139,2026-04-12 17:39:17+00:00,4110.0,1.1416666666666666,precool,5.3,26.0,10.9
140,2026-04-12 17:39:47+00:00,4140.0,1.15,precool,5.3,26.0,13.9
141,2026-04-12 17:40:17+00:00,4170.0,1.1583333333333334,precool,5.3,26.0,14.6
142,2026-04-12 17:40:47+00:00,4200.0,1.1666666666666667,precool,5.3,26.0,14.9
143,2026-04-12 17:41:17+00:00,4230.0,1.175,precool,5.3,26.0,15.2
144,2026-04-12 17:41:47+00:00,4260.0,1.1833333333333333,precool,5.3,26.1,15.4
145,2026-04-12 17:42:17+00:00,4290.0,1.1916666666666667,precool,5.3,26.1,15.7
146,2026-04-12 17:42:47+00:00,4320.0,1.2,precool,5.2,26.1,15.9
147,2026-04-12 17:43:17+00:00,4350.0,1.2083333333333333,precool,5.2,26.1,16.1
148,2026-04-12 17:43:47+00:00,4380.0,1.2166666666666666,precool,5.2,26.1,16.3
149,2026-04-12 17:44:17+00:00,4410.0,1.225,precool,5.2,26.1,16.6
150,2026-04-12 17:44:47+00:00,4440.0,1.2333333333333334,precool,5.2,26.1,16.8
151,2026-04-12 17:45:17+00:00,4470.0,1.2416666666666667,precool,5.2,26.1,17.0
152,2026-04-12 17:45:47+00:00,4500.0,1.25,precool,5.2,26.2,17.2
153,2026-04-12 17:46:17+00:00,4530.0,1.2583333333333333,precool,5.2,26.2,17.4
154,2026-04-12 17:46:47+00:00,4560.0,1.2666666666666666,precool,5.2,26.2,17.6
155,2026-04-12 17:47:17+00:00,4590.0,1.275,precool,5.2,26.2,17.8
156,2026-04-12 17:47:47+00:00,4620.0,1.2833333333333334,precool,5.2,26.1,18.0
157,2026-04-12 17:48:17+00:00,4650.0,1.2916666666666667,precool,5.2,26.2,18.2
158,2026-04-12 17:48:47+00:00,4680.0,1.3,precool,5.2,26.2,18.4
159,2026-04-12 17:49:17+00:00,4710.0,1.3083333333333333,precool,5.2,26.2,18.6
